Id,PredictedPrice
0,118921.29131096363
1,160726.9334693496
2,186331.84010868357
3,199514.11769924755
4,210044.15089835165
5,171692.53553851516
6,174717.21904203357
7,156446.2035396881
8,209717.56139134537
9,115098.7414822898
10,152488.44981495893
11,98978.28516771278
12,97040.4977334213
13,148483.822498805
14,104597.55122270546
15,374119.0728655488
16,258950.41272010806
17,312792.7669702271
18,308256.0353375126
19,483023.7664944711
20,301407.18418767955
21,201911.84956686693
22,172745.48226267236
23,159958.594965802
24,176531.67086838488
25,188177.13546744816
26,340102.8663681053
27,226934.61625710633
28,202409.28447843934
29,258130.89235474987
30,198335.19913097483
31,100976.35972414358
32,194214.60311349828
33,324399.2088456396
34,289145.7179036602
35,245825.5676591509
36,175380.25428348183
37,173641.98740828366
38,162850.4628489629
39,150720.09807553107
40,189137.9813300196
41,128193.65651376668
42,366136.78076415334
43,236018.30673930616
44,226702.21573943592
45,188603.00084335677
46,262351.93856212177
47,198429.31090913137
48,153071.07709910287
49,144570.85458264034
50,152341.56427696144
51,169369.671866693
52,153497.64932946907
53,172477.15097490666
54,201284.4777455988
55,150004.49119236626
56,189487.88476553676
57,118830.20856263314
58,220229.53968691436
59,121439.48779915256
60,138215.82695298488
61,183979.3372867963
62,114660.39369956419
63,119223.63965267024
64,116119.67765839334
65,111079.78612303144
66,104224.1757316461
67,131145.98782609362
68,157737.19724821308
69,208471.53529467588
70,130179.25096259285
71,85901.86213285523
72,156874.32196961675
73,137523.43721139847
74,149122.62616463506
75,92923.63266873089
76,59619.35027710294
77,148816.64862561977
78,209913.3899520072
79,123356.8451474108
80,147415.7988744693
81,185359.43311789972
82,190017.7027918252
83,75343.81286980858
84,113319.2502773503
85,136864.07166355394
86,136455.24660585762
87,152923.6159282769
88,118625.11171640005
89,142674.42277008053
90,106753.10507147905
91,148334.97378752296
92,158385.09306721983
93,106767.58869082027
94,165582.50914355338
95,50102.488050913016
96,139010.2559557847
97,103793.03933952577
98,71519.80148246535
99,115736.02112718573
100,140484.05522586554
101,136436.5870755379
102,125957.49601999912
103,150486.97001293267
104,155012.95603694217
105,234148.34240965292
106,78410.57544156336
107,231839.31378739042
108,139686.66183199055
109,136273.409007702
110,84284.56687203477
111,149594.6655309703
112,285228.5189970806
113,138771.6579447915
114,228401.86933601566
115,224172.84078743748
116,182154.9155485203
117,157639.5920419233
118,127377.19013086622
119,193874.42748094109
120,158989.8141567773
121,135421.2171682738
122,286550.7960517504
123,223036.63272229052
124,131655.2939462069
125,66124.72992104734
126,117608.9419308554
127,164212.40904664635
128,100053.02014357071
129,127410.42409256933
130,89139.88295613127
131,135346.1178363842
132,128909.3496815149
133,151138.36527845688
134,114271.23290993017
135,229606.6969123166
136,196874.3076114305
137,209716.63705711564
138,193359.7808643356
139,171730.5210359306
140,52362.993430865434
141,135021.32212006368
142,72355.2972877191
143,272008.7201121378
144,224512.4437315527
145,146797.78733464458
146,159455.1526566667
147,198202.10472101285
148,188720.4784559448
149,148912.2268158938
150,132954.13498644362
151,192112.6801693441
152,170404.03122857987
153,131250.99911299083
154,87641.83895580436
155,64228.313834525405
156,86371.45545152086
157,134602.1478024859
158,149087.15204807295
159,184015.3272258045
160,133207.49195689318
161,145297.48636736855
162,242120.77695006973
163,198789.56288244165
164,120085.65939261473
165,170525.94865475685
166,192166.16921219465
167,273433.37686615053
168,178978.0559210405
169,366167.7565818749
170,258611.99227791495
171,246694.9101639072
172,169192.26089078028
173,179502.01763453207
174,172247.73928359934
175,155229.13118301457
176,204547.85644327325
177,180295.0423596329
178,186930.02144899248
179,239938.1515623417
180,183320.1513461109
181,249785.85702758073
182,214655.9678065813
183,235517.18067025673
184,216749.92118167656
185,156468.4146517326
186,156142.69740140243
187,127234.57444355497
188,130902.83179412881
189,106940.008761296
190,111378.30691646526
191,95956.33307766888
192,94373.0917309242
193,142821.09260858022
194,114209.80704802342
195,142997.71504500718
196,151622.17165834474
197,143285.0189687549
198,124525.14300498224
199,149746.32621527778
200,429525.99726368475
201,384434.9873155765
202,385850.9663367047
203,524657.0734665137
204,335805.2521311167
205,315968.195428401
206,381372.2552793911
207,358552.2168373667
208,314426.2626547462
209,360306.8726300349
210,270781.1635875155
211,406402.186426747
212,286220.8353217583
213,246874.77806082868
214,201357.2215638798
215,204772.2497633217
216,213822.55170913172
217,472468.582380782
218,386217.0952707606
219,341912.46591022064
220,281571.53662100126
221,321711.55571920914
222,191273.2715296858
223,167066.4018164054
224,168232.39764760528
225,161579.6402213812
226,160674.61463004566
227,183526.6309696535
228,185106.83892339258
229,186118.8036030833
230,176526.23783153732
231,253235.28380569734
232,169286.30292693173
233,181678.95170406008
234,169653.52190769822
235,262565.38849619695
236,175896.22849870683
237,336764.68512784946
238,321689.08168827323
239,269547.38796839875
240,281193.8556157201
241,237004.98590638823
242,230208.1287874854
243,267095.99257820635
244,241781.48279351313
245,186430.73335614425
246,233240.82101514924
247,203702.34707405776
248,249039.61189205534
249,221447.05527558955
250,266411.56246377085
251,254023.33355990992
252,281087.92307502776
253,228881.12974667695
254,208089.74526782642
255,181331.16820507005
256,166110.29041317746
257,145420.8892106081
258,219287.45923708033
259,250183.35289958867
260,145895.7006937988
261,111923.776537003
262,148434.10645992716
263,214143.171043992
264,242996.48858293836
265,181003.14678972325
266,164764.58969975845
267,151097.8869608975
268,175411.9305875737
269,157564.27766447677
270,100968.05604321312
271,131770.69758987927
272,117086.34272599188
273,130385.51591011064
274,93488.71220717125
275,95175.8575572444
276,303214.23368418403
277,264160.0786209224
278,247313.8554696846
279,219588.1092212167
280,193182.23066219446
281,174492.34087181583
282,167460.41883631854
283,367567.48780433624
284,236038.7001854557
285,199518.37066284197
286,220606.53728207346
287,224642.07898567003
288,140322.6307393007
289,137579.55040315585
290,233272.94264489628
291,102327.71076947084
292,155859.66919814624
293,194488.69600284687
294,168355.76865339195
295,139524.6503544177
296,113875.04899782178
297,144851.54108433166
298,158198.75396268562
299,169424.8658049136
300,154934.67694258108
301,183388.667433039
302,180243.21826817817
303,112438.94985507848
304,175255.6820237746
305,186132.85424366407
306,227423.74547972847
307,144092.75967441374
308,154616.4056385567
309,150385.48399844876
310,129649.02567404056
311,134903.84752665777
312,106195.45823264669
313,145707.99498504045
314,143243.57037751205
315,126051.1316403794
316,109993.29260208548
317,143994.08911854288
318,131274.34902015422
319,149439.85439099884
320,122631.24732138563
321,76127.20974369312
322,138828.1723759321
323,99343.12575496448
324,142642.9407036142
325,110309.08242616864
326,145988.41102503595
327,49184.25758333868
328,104603.7975626809
329,65329.58281164122
330,188505.56874596223
331,172215.3881468484
332,125285.3558579061
333,159123.90904155222
334,130089.97655450922
335,156031.67706336564
336,117678.90506988372
337,130145.08372279193
338,96031.73039681121
339,126572.0046523721
340,122425.54758089839
341,108240.4303219882
342,160895.63726619488
343,112830.28952755887
344,129093.21289349205
345,127810.4266124556
346,131071.566799502
347,125332.05555582853
348,126216.95562614012
349,140983.97024757863
350,154072.3922958535
351,109052.37097622908
352,145743.5919354276
353,111151.03359195733
354,41426.160215035015
355,104682.79884195726
356,113902.95252243412
357,164824.60911849377
358,146605.68493589538
359,34518.92983338972
360,97101.54938872087
361,148409.48528350893
362,42966.596712785395
363,131745.13948547226
364,151533.80396596662
365,99118.36094390173
366,105675.28569575727
367,144847.4506416979
368,121733.52546882269
369,146446.40860956837
370,161479.85207595347
371,-3198.80578052668
372,135902.70579572156
373,124660.84145963992
374,128667.21345015071
375,135746.1046968727
376,76178.4296865127
377,111694.57044427667
378,121850.7163577799
379,166892.9483334133
380,124011.97947390957
381,72319.46484293358
382,145937.91288808308
383,143812.1895873133
384,143420.84788765278
385,153516.45759499533
386,172279.06736009332
387,37650.033744711276
388,87126.28493759004
389,110595.26343414793
390,144101.7763845566
391,108896.77967520407
392,118454.26759317383
393,165949.26919308322
394,155053.94156571018
395,211569.41966390586
396,108483.5000139313
397,161782.14563362428
398,113766.3138306909
399,162715.6271899918
400,122977.96274952896
401,289232.12010114983
402,279298.77135748987
403,279324.02816421853
404,368427.24129152857
405,347052.7460274681
406,213162.22364570005
407,288080.36046797107
408,208502.91930433182
409,217386.55892227823
410,259717.02908436427
411,169760.0812027185
412,249147.7720215275
413,151602.56609731296
414,189792.72008846948
415,207247.80571367985
416,212233.25156436398
417,200341.98021954525
418,147201.18764723174
419,137645.1483925861
420,244483.82024736467
421,236525.6640059138
422,185235.8027160888
423,202532.86236605674
424,223440.0910674241
425,291958.8311312764
426,221901.43481954787
427,259363.25048255266
428,165745.0730702771
429,96486.9599926243
430,100750.84913722286
431,117783.95175104312
432,137433.76175435493
433,114143.08995120609
434,142545.67521922596
435,128648.74499691417
436,128782.44685894508
437,102444.2912652368
438,155706.83028771018
439,154755.23265698337
440,187570.6217354734
441,184130.93743446318
442,208588.17300840231
443,175863.9749683607
444,194060.46364065286
445,173198.36832681112
446,224180.1753792145
447,112813.72230713567
448,130168.13969591126
449,128710.00867635751
450,230462.706640747
451,320179.8726932908
452,159103.55899027918
453,46391.66280035056
454,351032.3600096718
455,51796.10519418286
456,224735.19446500202
457,138180.21438730365
458,149848.7115608334
459,165465.48115293722
460,386444.85714433016
461,354108.9438201261
462,241922.89349696823
463,228395.19629558496
464,201872.3568405184
465,392339.86483915034
466,132086.51540069038
467,167097.82456891055
468,116446.19140406555
469,125637.32919770817
470,121557.27948767864
471,132632.63696936925
472,194674.56628349825
473,187464.10142800742
474,169777.34977553034
475,207921.566763545
476,180281.14576152747
477,164879.9339685522
478,290779.16388449166
479,208135.07332144174
480,170100.19874401012
481,147451.17964798782
482,237337.9255239688
483,386154.2552403263
484,425102.5072173991
485,155382.96015989754
486,140827.66198055036
487,187173.57981620682
488,230731.82536249002
489,181047.77102128306
490,242919.6085850393
491,196627.29656671814
492,180549.26602530802
493,186686.30119791115
494,123876.44264593386
495,294411.8347918121
496,160164.4160958808
497,230370.45519726316
498,125608.08140690948
499,100754.75200991417
500,124051.95658349921
501,93870.58635933779
502,107489.09068926724
503,106512.01205389877
504,127267.48510151231
505,138978.7564119484
506,312846.9488495508
507,404127.9008899771
508,394042.2172078175
509,403032.1116448627
510,444790.4459893482
511,375837.57412430993
512,287465.6496776396
513,340870.2840303191
514,575030.85489685
515,280444.1159016123
516,366447.3359633902
517,346309.1068882906
518,318410.4667173263
519,202496.77716797803
520,359028.7257280875
521,215108.49910685353
522,199634.4708797695
523,175287.21991751977
524,230519.85006364057
525,210253.92593783382
526,213241.78862660288
527,166763.40471387355
528,184956.9465935561
529,207203.07841299247
530,229299.2294078994
531,224656.89625025383
532,166563.32886182723
533,232702.19499588571
534,183077.80155275913
535,280225.7468740918
536,317931.6998956952
537,320075.72162305145
538,309891.99440929305
539,319744.16934029607
540,287338.4202690381
541,251131.20529270347
542,238003.8297843563
543,274616.5850856781
544,229490.3668594785
545,221164.568228743
546,241719.4896897914
547,239254.64593028667
548,204200.05705181576
549,191744.77128576057
550,123127.57173734071
551,173246.8093324565
552,178098.36835491413
553,183725.70744499695
554,220822.81373638436
555,192335.05225956766
556,189692.57017446132
557,100547.62315951122
558,144007.4780907043
559,77102.89428986883
560,95809.47749198423
561,237987.9157491165
562,141972.47350423105
563,284742.96578179
564,347933.5197971286
565,167383.82067866484
566,153677.85053320197
567,157135.64098056025
568,176762.42099063008
569,256420.56080122525
570,235068.5187867443
571,256924.90669353795
572,248767.0388611747
573,177846.54421358233
574,240961.5715545784
575,200582.1630173196
576,219009.60069415002
577,328160.0082059897
578,241144.72370423347
579,329459.09924717783
580,316858.78741405415
581,215361.9947604288
582,174897.7382866692
583,179685.01698561155
584,200805.38058874774
585,149162.8589408967
586,140576.328448119
587,136252.72152807724
588,133325.05403643587
589,160026.20524373712
590,91094.42348803033
591,110214.33905699542
592,143528.75138310864
593,104867.4850044724
594,174900.31682522278
595,129346.53970290578
596,92713.02348578171
597,207048.2781058524
598,125542.02049843463
599,185214.3868711247
600,177275.51116839168
601,124719.53075781118
602,110514.7271551908
603,137986.46246136056
604,63947.630540151986
605,165018.5926049355
606,92676.85462093767
607,149753.11823701282
608,75388.65493961502
609,116237.18999052624
610,101357.26314003859
611,143619.57789776262
612,113912.92755137497
613,202026.81543793794
614,180515.71504414367
615,128077.7330679506
616,167724.28087687248
617,134601.87416043726
618,122071.84812249115
619,126947.4667291592
620,128169.92400962824
621,131169.57819031348
622,151639.6644870383
623,106366.10278565309
624,117183.45353461179
625,101234.90206665629
626,112036.08966431455
627,106723.48191713964
628,79590.59958975881
629,118348.79740760702
630,113216.54424553571
631,123243.23619394144
632,141896.06757708194
633,119548.80640453834
634,170393.49096336577
635,80910.49446396843
636,102862.60141276728
637,165237.37823474963
638,33208.302052242165
639,52735.33434087549
640,117222.46243355886
641,116586.41069214256
642,101981.73045275343
643,123046.68574522357
644,143604.09934683368
645,56519.230977724066
646,188890.66052094687
647,131930.53837965507
648,119365.3666271095
649,111092.63805399995
650,151540.8073866029
651,143234.9641353158
652,125369.1667611328
653,135481.17758048346
654,166496.47144508973
655,121990.96692236123
656,155050.94374619258
657,123711.10144007762
658,122894.62191773724
659,106917.92124764438
660,101394.67566115431
661,117185.55400577426
662,66023.60483454498
663,169028.731345717
664,125623.02454284384
665,158725.48715004104
666,163111.39350627616
667,132767.13482630695
668,69245.48944498287
669,142482.49714644015
670,117084.41354086294
671,103243.43852326824
672,121477.68807227479
673,122517.84838387894
674,125086.73886272065
675,79450.83146375809
676,100607.77725044075
677,130421.07215861983
678,141505.72932800674
679,147312.34833251117
680,166991.17088258735
681,127426.50123783926
682,159673.02146084417
683,171857.57270722368
684,143869.72926627833
685,184664.07585162143
686,156757.92259120685
687,116043.18056158125
688,131377.28408330542
689,232760.89534761908
690,132688.28304728743
691,213736.63879599483
692,191905.019443043
693,94194.58482569965
694,139239.44044028697
695,266768.91194953234
696,238418.9019020683
697,240347.00352148808
698,215756.48620841544
699,184680.9057091524
700,227342.9243066058
701,375928.2118889098
702,359028.50056789303
703,245400.83517332232
704,211990.93052623424
705,161027.23244342662
706,235093.94121297367
707,202414.60403936775
708,193869.85909270358
709,221586.26084856933
710,157436.12798685898
711,140019.81019735732
712,182524.5019189282
713,226791.3714932606
714,270537.91907714086
715,316345.56537692447
716,246330.64470007154
717,213214.6106433855
718,129755.16781260836
719,218452.5094794543
720,192654.61396558522
721,218648.1066793564
722,187561.3025923372
723,125861.17396678716
724,109170.44317527868
725,154888.04449683937
726,146068.62709564355
727,154988.23521826812
728,293012.5287210149
729,81786.18333516608
730,48726.165285624105
731,77493.71386248228
732,136335.95997150146
733,93776.03704660464
734,84151.43000279815
735,112157.40349650428
736,123349.09144127558
737,163307.76494685904
738,165853.66977331357
739,153545.02499424445
740,156532.18256355193
741,191266.36850606292
742,146711.52279841085
743,192347.50076856604
744,137204.06016304897
745,152742.90687480647
746,252843.23995177756
747,250842.623650471
748,270659.7449015952
749,125289.02329701965
750,120425.46897016536
751,128105.4916018169
752,101957.7521869789
753,130439.37592448012
754,102460.76522262677
755,163153.93401806065
756,139397.537686809
757,54121.23021643586
758,44987.79868296008
759,31362.963795938413
760,352004.1784484893
761,305917.9048599773
762,281412.3523582204
763,207412.6117678691
764,96515.74423439853
765,194194.67582028636
766,183968.3572230029
767,286487.46263092523
768,251865.51836201365
769,155304.16502131554
770,216720.79169721625
771,187760.13512375447
772,186613.65557190793
773,247493.4764987248
774,231107.35138447018
775,253528.46754979933
776,309296.4833796958
777,201919.70491548613
778,117678.91424556628
779,152059.45151241458
780,127153.26794160513
781,123511.57261480432
782,127054.1091193239
783,99453.1668675199
784,118304.36729029301
785,136290.61455258404
786,124286.2273264376
787,124280.6502106871
788,115478.08492601581
789,126931.58474510876
790,103616.1593314368
791,198940.52487223662
792,164962.68543642343
793,182140.61448577524
794,191085.0835992438
795,165868.66792382265
796,217340.9778422384
797,151650.47018418726
798,179836.67761104024
799,163345.37636548895
800,212584.4543382354
801,245518.43017818857
802,384638.11798880063
803,474861.17142153904
804,157321.28432977147
805,335356.47297618014
806,406407.8413739378
807,491461.346835559
808,144731.9073724585
809,185624.0593710822
810,216324.2048941515
811,188992.2725931714
812,150929.56188623857
813,185561.44698676383
814,170446.68918471943
815,201313.50923834302
816,187466.81940954563
817,150946.1534886869
818,142199.53502913492
819,104794.20169479359
820,142766.09109167702
821,162359.16314366943
822,114115.42258574374
823,124383.61519997846
824,151360.35712494949
825,123297.08495986907
826,387748.30389213644
827,300480.3086236357
828,342990.1115884937
829,449278.5954879086
830,352863.7318256219
831,421726.4061155033
832,456198.7346962807
833,388648.63910927135
834,475828.13088599406
835,282579.7415432157
836,381675.13441392407
837,379414.4775814876
838,345842.9081114526
839,334338.616863384
840,331552.54584160715
841,264705.66317300976
842,249673.22990061785
843,257286.4975657523
844,213587.86977675778
845,203804.384903196
846,203182.21141610196
847,226197.0663332265
848,307336.3489437322
849,210402.57737815284
850,211069.63676920094
851,188731.49710644459
852,168183.8170642519
853,187234.36848941448
854,182982.95184785742
855,195684.94719578497
856,198287.58034625984
857,183597.7335936868
858,187298.57901670085
859,187121.0395050258
860,236019.3083958276
861,205046.1435646296
862,199032.87869512776
863,172094.46557756065
864,212380.34763897271
865,171747.62110500943
866,198851.33332114306
867,215758.31257482406
868,191752.10973195403
869,185306.00202438617
870,334135.7069811509
871,389353.17738926713
872,318633.6816617722
873,272904.89292118803
874,298182.2691272097
875,321454.9023997617
876,201239.40352224637
877,257783.93939224674
878,212803.15293436404
879,399412.7933962267
880,211891.27815744572
881,227037.5854781803
882,224535.8725495389
883,212377.00403936778
884,221259.9226233125
885,214851.23397371423
886,208038.6617158529
887,246982.2928793479
888,202872.09039801118
889,313563.1980755583
890,288784.44149913755
891,242539.268540552
892,255290.0802277328
893,160462.35894015894
894,144247.06313695302
895,143845.85546790913
896,191829.23144705387
897,190739.11989001092
898,119307.01620811236
899,114041.34371405601
900,157918.0182188792
901,271622.7553932102
902,139749.21104638025
903,162342.64871957514
904,199213.25276192342
905,186891.13643492834
906,211306.62357475035
907,221723.12390733714
908,215567.37696592268
909,176881.62107084572
910,163503.46890748915
911,201555.96803577183
912,294181.9940195497
913,314801.01810486126
914,255250.07829915168
915,293777.7400081969
916,355555.3528815261
917,153733.49464756023
918,220232.7112555678
919,146248.9413259878
920,173661.78687551874
921,199518.79297334084
922,197677.43105144438
923,236659.8567439738
924,146806.06198213898
925,135147.93781152496
926,128157.81628068708
927,88856.047789518
928,101454.14951484429
929,152885.96071733572
930,139254.31457171278
931,118068.6150885188
932,170620.91774079978
933,140348.83767286123
934,213692.00956536905
935,136619.93431448436
936,219604.99707301395
937,138490.4078195736
938,68397.5826705351
939,67843.71490922362
940,164908.67499969623
941,129064.35140658033
942,139572.52065564925
943,145562.34262876652
944,150843.60487740082
945,147624.90819480538
946,131424.29188978768
947,121964.07979884514
948,110964.92105842338
949,182914.84089619873
950,114958.56551316168
951,161843.13118294455
952,121762.16985156413
953,168690.76268295475
954,127974.09085059256
955,130632.10312469857
956,135567.152400768
957,139452.3132160359
958,132762.68645181463
959,124280.73722049099
960,153903.7282148987
961,101535.55725817365
962,115826.23611955284
963,131032.33884900543
964,211926.81120370488
965,132615.49532535207
966,135462.95663323574
967,188907.64380771504
968,98778.60463246467
969,134387.56085278193
970,97526.85361806146
971,161256.60091538035
972,164715.17145672167
973,153690.45008459745
974,182696.08141192887
975,108779.01843513016
976,93885.57747280967
977,110449.06901709782
978,87086.60904851026
979,128582.88008752259
980,104897.11821100832
981,96283.97532107352
982,136196.62469567536
983,127287.20563764463
984,78632.44566176704
985,132392.57439805317
986,189302.23973604848
987,144296.1676682094
988,101836.65973930425
989,160495.5252597016
990,134293.79865541874
991,210494.34902716146
992,80171.8349623557
993,107504.16689052325
994,116344.80359493452
995,173685.48682865096
996,153253.1360555746
997,141771.77796823165
998,124640.07016846351
999,139849.90404899936
1000,130156.81290898495
1001,127807.16846256584
1002,124906.05388685866
1003,198613.33592288493
1004,144177.03005711138
1005,122995.22507414044
1006,114183.53274283474
1007,91955.85495493098
1008,100550.71009616213
1009,213316.78604723568
1010,226108.76245222922
1011,182289.43306940087
1012,134106.16613486724
1013,69086.4323904383
1014,214068.39247804365
1015,113526.84583553975
1016,118192.67063993326
1017,154316.68951181188
1018,103103.9525982461
1019,158264.3629952559
1020,128024.6937804553
1021,97046.03160986424
1022,106780.59828187586
1023,126322.78268230823
1024,128251.98977288225
1025,171576.9712789273
1026,184406.65246399477
1027,166740.88763698877
1028,157323.88676914078
1029,143661.95522956108
1030,74396.8143861529
1031,179374.13188840038
1032,142482.71455956262
1033,143156.28477231614
1034,73829.4512031288
1035,211026.2420307003
1036,166397.99573246794
1037,124292.23062744967
1038,85955.07558716561
1039,119086.20221457965
1040,147936.24447896684
1041,158552.4519670428
1042,102549.8901716882
1043,215689.26644861297
1044,225881.2484762284
1045,248410.86936178312
1046,274905.3870303567
1047,246178.0141340229
1048,209895.43188024737
1049,209384.93966835775
1050,174086.55001768444
1051,215588.48653344408
1052,209628.4468880097
1053,262694.6833851994
1054,167179.20791111843
1055,172792.44484003566
1056,157761.977196843
1057,148521.48450361632
1058,251313.9976322857
1059,224917.42021211452
1060,185639.8973053034
1061,223064.13012625647
1062,116566.40679785394
1063,136386.92326846457
1064,159051.23905725172
1065,164344.19086004436
1066,122734.24076006215
1067,149272.2910840736
1068,-9314.959375233382
1069,127075.00349900292
1070,267465.6307001114
1071,220704.2623991042
1072,198529.3012357425
1073,245731.6995213737
1074,282412.7447731778
1075,233753.0558422979
1076,262331.85512652167
1077,187917.7996933624
1078,183185.06554294482
1079,185431.17298876445
1080,174922.2168245707
1081,161207.83050469903
1082,117836.66722608339
1083,116373.98572161826
1084,136184.1357844256
1085,113565.07275767013
1086,141708.83423228117
1087,153870.8330041615
1088,151265.46047712947
1089,723548.7533587313
1090,135971.57998842228
1091,144291.50794065846
1092,65264.33351066035
1093,76919.80960893742
1094,108262.23251053519
1095,90052.27144278339
1096,110326.7265995064
1097,167215.81786354212
1098,148891.60913520883
1099,165865.15552204268
1100,152849.28238341105
1101,165545.75789264843
1102,166687.34149608723
1103,181860.09611184668
1104,151507.2167463637
1105,191581.7969885783
1106,138426.40708731356
1107,219641.92451297995
1108,236586.70616810324
1109,119396.73183865647
1110,208862.3922154472
1111,167405.5032101264
1112,226845.90236630823
1113,342945.98861339723
1114,137296.3285092466
1115,185377.84819597015
1116,173406.8062873446
1117,63620.30314474806
1118,23261.723162641912
1119,99420.374844785
1120,123321.97607513548
1121,115593.68058045665
1122,285257.6995587592
1123,171780.85382055884
1124,179636.87056093008
1125,217948.8865809213
1126,211844.9961771593
1127,146272.07688996158
1128,144744.26939749782
1129,192042.88079785387
1130,218941.43022229508
1131,222995.7463022406
1132,268128.93205599126
1133,174769.1481586193
1134,215127.0205173496
1135,274230.77709609707
1136,204554.4253342415
1137,277951.1395136703
1138,409163.90376072435
1139,164476.2393842407
1140,114222.90087781334
1141,71580.3004345368
1142,90031.61486922528
1143,85272.28985174064
1144,68947.67346270019
1145,136214.12340963664
1146,211670.8399910164
1147,180399.44904973113
1148,146474.76897901576
1149,105619.74381802004
1150,213996.724879211
1151,160134.19270794428
1152,124304.25381625624
1153,113471.4334803228
1154,151491.65149946834
1155,152211.8206941099
1156,215157.8268677561
1157,201110.5889494304
1158,207398.57414087674
1159,191778.67284247183
1160,182284.75649782328
1161,183173.16494500075
1162,242374.08670058884
1163,289732.68289077596
1164,313168.436329267
1165,172584.38330481446
1166,184261.41114549217
1167,480464.3993484449
1168,504515.03420842614
1169,390817.32987282774
1170,470555.6845368473
1171,422698.26462723955
1172,329336.30835858965
1173,441395.48758489743
1174,136303.22426501563
1175,163207.47683044267
1176,194602.93136494127
1177,262262.76556951756
1178,186513.79237077013
1179,152637.05870797948
1180,93856.6860922651
1181,166460.44823919743
1182,106379.22358520544
1183,105395.84365826266
1184,108415.70912813907
1185,93766.42632827992
1186,94322.25220553103
1187,144492.0959874022
1188,149907.35171257416
1189,132824.2792228721
1190,131740.81428215082
1191,385700.8667974657
1192,258269.02703953604
1193,278439.7106234269
1194,425877.57630992297
1195,323995.8907750142
1196,374914.8564571744
1197,337417.27684004745
1198,325224.4726145285
1199,364314.77657606674
1200,377471.4837850691
1201,391875.5724448656
1202,280874.90021964465
1203,299122.6772128977
1204,323033.5235623679
1205,295773.13803190656
1206,181612.39356708628
1207,185981.52342861603
1208,186956.88296690257
1209,266082.2750094404
1210,186984.51538992106
1211,194805.89750205106
1212,201926.1141047249
1213,199708.93705483546
1214,187994.12939507328
1215,184953.2659034835
1216,207135.46755369307
1217,221364.33330534797
1218,271700.10268283973
1219,289373.13925096433
1220,407287.7650585057
1221,301961.5119959817
1222,483569.04731787427
1223,311480.94777454017
1224,351971.9771907611
1225,252845.27256163748
1226,301682.753397736
1227,214843.92197975813
1228,211979.45514576838
1229,386667.4453015507
1230,201264.5311695957
1231,154543.9695934384
1232,207889.88096083037
1233,138025.24792136636
1234,196788.14433888442
1235,183116.18633348276
1236,184850.41345468393
1237,217831.09138888013
1238,154605.56699230155
1239,129419.24460185424
1240,126105.71953326219
1241,87861.7111916625
1242,89874.64595825816
1243,142935.90619841576
1244,128326.42178015361
1245,82551.74611444728
1246,93805.17628981915
1247,147328.06150792277
1248,111349.27841425198
1249,136591.17379520496
1250,324068.4770105416
1251,429114.4496361187
1252,166814.32134191634
1253,143198.0695894178
1254,173357.09995971617
1255,125468.95077806688
1256,191905.22773583472
1257,222689.9792380903
1258,168483.24690387252
1259,166926.93249709735
1260,123860.01608981396
1261,160361.17461559817
1262,139864.02094825363
1263,122367.15264685015
1264,121306.06661035004
1265,157089.72219864343
1266,189132.06151258232
1267,168565.7975992975
1268,136408.87916819393
1269,150399.70444008513
1270,121911.26377781236
1271,144480.48941088503
1272,155092.78532694335
1273,137637.49606525453
1274,138558.06510436078
1275,134672.08022759616
1276,119504.42325735948
1277,120262.10115402102
1278,147437.54755749446
1279,136046.1907696576
1280,151520.1127452879
1281,155481.97706310646
1282,165683.04803713685
1283,163408.86492520795
1284,146456.54739859997
1285,139272.8044210006
1286,144814.0011193831
1287,105707.06734060842
1288,129948.87934413663
1289,112564.36747729391
1290,130987.76794851013
1291,174518.792886295
1292,164347.5112539151
1293,252805.56497056206
1294,138164.4828488296
1295,92929.04114448276
1296,49153.52592375725
1297,85989.25398454041
1298,165899.0607848959
1299,138799.89118882886
1300,143741.82524675984
1301,136387.5909058628
1302,183587.26197817604
1303,124955.66379797354
1304,274261.0460745723
1305,141951.58869877175
1306,75268.03595490791
1307,126042.26858534687
1308,152038.83750927073
1309,130768.83795505812
1310,88272.22434562075
1311,94065.52679766639
1312,177302.95307168452
1313,157498.60932128216
1314,132624.19207370415
1315,144312.15313030616
1316,168651.89285279968
1317,117253.16374653499
1318,130464.44227805917
1319,92785.24511265795
1320,102948.0257640242
1321,94725.22943243873
1322,100537.81258122562
1323,134496.5224133647
1324,142128.89963207
1325,61636.690447688045
1326,130849.68402069519
1327,74112.05471702061
1328,165667.39475654464
1329,78034.82514555968
1330,91766.23706307716
1331,74488.14201442177
1332,164398.37596681944
1333,87422.95579246899
1334,123601.38811684377
1335,105002.43833084567
1336,276431.74233063404
1337,119648.72448373924
1338,123732.86224383113
1339,62919.00628049144
1340,108397.6472045797
1341,133208.8843289941
1342,203065.94542992918
1343,115201.11092046218
1344,101455.57667930322
1345,69806.23825989143
1346,237803.79500358299
1347,160468.51196885965
1348,120088.07473358215
1349,121652.07366998987
1350,168680.60075134976
1351,180188.63462136438
1352,148679.1825038066
1353,157613.24271493492
1354,113153.86205790719
1355,234898.99075163424
1356,162133.74505557684
1357,134445.2397424118
1358,165857.94158589566
1359,138942.0234372304
1360,107729.98706957282
1361,152981.15685253017
1362,340141.59790158016
1363,180714.84849009916
1364,140274.4804054223
1365,138598.04047170278
1366,138306.8670974292
1367,242326.45560297708
1368,192305.97931640607
1369,231342.81634950475
1370,182722.8425957059
1371,251029.3997122245
1372,319702.7567302929
1373,236713.16616084304
1374,229185.6424567976
1375,197361.19404166064
1376,153346.14939311284
1377,150629.51394503022
1378,174648.63311152352
1379,211264.76628585355
1380,199132.95328129554
1381,223993.65240250417
1382,157861.49150241268
1383,171981.06540938478
1384,125209.34358785715
1385,207443.7343282496
1386,227356.48509521218
1387,213313.7625924504
1388,197310.01276354922
1389,265420.9151278987
1390,214584.59081318986
1391,229062.20307151892
1392,226360.60533766364
1393,134163.24877481197
1394,204965.24155027536
1395,200442.5248171898
1396,190068.45150607423
1397,211753.0351036592
1398,80709.19847432143
1399,149491.26298930525
1400,136653.79037499154
1401,191660.67017673719
1402,153064.05906144934
1403,251788.1056190093
1404,142394.63234099408
1405,137061.47781658106
1406,94752.92565470398
1407,95776.30023045157
1408,99871.24501872328
1409,100670.60911401529
1410,64606.707683249726
1411,31001.635661908753
1412,84162.43741910707
1413,159880.45510837343
1414,128425.53264687744
1415,167371.22446866112
1416,157266.79535716496
1417,170264.44129089738
1418,144197.91691271504
1419,109539.1534593204
1420,133399.70540908206
1421,207728.90688462844
1422,199953.93679524434
1423,180519.0817190256
1424,178643.28446368792
1425,248121.19444937675
1426,108639.7339316324
1427,137151.09181754861
1428,35921.07537450743
1429,82645.08071912946
1430,155887.1743727241
1431,6718.184909212592
1432,67612.30155645676
1433,22855.67432847647
1434,348171.28526340425
1435,291307.7359017787
1436,224260.60970550272
1437,122212.12335008237
1438,205918.32784444786
1439,161106.14884774364
1440,251905.67780547103
1441,165379.27788333644
1442,306740.43314375135
1443,350401.2776025925
1444,52442.58995936874
1445,183646.36195480058
1446,109497.91004611907
1447,112434.5612297919
1448,117674.16608273648
1449,66168.86510071789
1450,72633.95954703129
1451,154625.45881767222
1452,80437.54229020918
1453,57934.66210365773
1454,76553.48080420305
1455,86149.05261900705
1456,181431.47193305564
1457,110744.23134998442
1458,224066.72382917482
